max_iter,state,log,graphics,initial_state,pos_stdv,ang_stdv,num_agents,alpha,perceived_weight,threshold,velocity
200000,25000,25000,0,r,0.00025,0.2,100,1.570796327,6.283185307,20,0.000025
200000,25000,25000,0,r,0.00025,0.2,100,1.047197551,6.283185307,20,0.000025
200000,25000,25000,0,r,0.00025,0.2,100,0.785398163,6.283185307,20,0.000025
200000,25000,25000,0,r,0.00025,0.2,100,0.628318531,6.283185307,20,0.000025
200000,25000,25000,0,r,0.00025,0.2,100,0.523598776,6.283185307,20,0.000025
