max_iter,state,log,graphics,initial_state,pos_stdv,ang_stdv,num_agents,alpha,perceived_weight,threshold,velocity
20000,10,5000,0,r,0.0008,0.1348,50,1.57079632679,6.283185307,15.9154943092,0.0008
20000,10,5000,0,r,0.0008,0.1348,75,1.57079632679,6.283185307,23.8732414638,0.0008
20000,10,5000,0,r,0.0008,0.1348,100,1.57079632679,6.283185307,31.8309886184,0.0008
20000,10,5000,0,r,0.0008,0.1348,200,1.57079632679,6.283185307,63.6619772368,0.0008
20000,10,5000,0,r,0.0008,0.1348,500,1.57079632679,6.283185307,159.154943092,0.0008
20000,10,5000,0,r,0.0008,0.1348,1000,1.57079632679,6.283185307,318.309886184,0.0008
20000,10,5000,0,r,0.0008,0.1348,2000,1.57079632679,6.283185307,636.619772368,0.0008
20000,10,5000,0,r,0.0008,0.1348,5000,1.57079632679,6.283185307,1591.54943092,0.0008
