max_iter,state,log,graphics,initial_state,pos_stdv,ang_stdv,num_agents,alpha,perceived_weight,threshold,velocity
200000,25000,25000,0,r,0.00025,0.2,100,0.785398163,6.283185307,2,0.000025
200000,25000,25000,0,r,0.00025,0.2,100,0.785398163,6.283185307,4,0.000025
200000,25000,25000,0,r,0.00025,0.2,100,0.785398163,6.283185307,6,0.000025
200000,25000,25000,0,r,0.00025,0.2,100,0.785398163,6.283185307,8,0.000025
200000,25000,25000,0,r,0.00025,0.2,100,0.785398163,6.283185307,10,0.000025
200000,25000,25000,0,r,0.00025,0.2,100,0.785398163,6.283185307,12,0.000025
200000,25000,25000,0,r,0.00025,0.2,100,0.785398163,6.283185307,14,0.000025
200000,25000,25000,0,r,0.00025,0.2,100,0.785398163,6.283185307,16,0.000025
200000,25000,25000,0,r,0.00025,0.2,100,0.785398163,6.283185307,18,0.000025
200000,25000,25000,0,r,0.00025,0.2,100,0.785398163,6.283185307,20,0.000025
200000,25000,25000,0,r,0.00025,0.2,100,0.785398163,6.283185307,22,0.000025
200000,25000,25000,0,r,0.00025,0.2,100,0.785398163,6.283185307,24,0.000025
200000,25000,25000,0,r,0.00025,0.2,100,0.785398163,6.283185307,26,0.000025
200000,25000,25000,0,r,0.00025,0.2,100,0.785398163,6.283185307,28,0.000025
200000,25000,25000,0,r,0.00025,0.2,100,0.785398163,6.283185307,30,0.000025
200000,25000,25000,0,r,0.00025,0.2,100,0.785398163,6.283185307,32,0.000025
200000,25000,25000,0,r,0.00025,0.2,100,0.785398163,6.283185307,34,0.000025
200000,25000,25000,0,r,0.00025,0.2,100,0.785398163,6.283185307,36,0.000025
200000,25000,25000,0,r,0.00025,0.2,100,0.785398163,6.283185307,38,0.000025
200000,25000,25000,0,r,0.00025,0.2,100,0.785398163,6.283185307,40,0.000025
200000,25000,25000,0,r,0.00025,0.2,100,0.785398163,6.283185307,42,0.000025
200000,25000,25000,0,r,0.00025,0.2,100,0.785398163,6.283185307,44,0.000025
200000,25000,25000,0,r,0.00025,0.2,100,0.785398163,6.283185307,46,0.000025
200000,25000,25000,0,r,0.00025,0.2,100,0.785398163,6.283185307,48,0.000025
200000,25000,25000,0,r,0.00025,0.2,100,0.785398163,6.283185307,50,0.000025
200000,25000,25000,0,r,0.00025,0.2,100,0.785398163,6.283185307,52,0.000025
